{
  "accuracy": 0.9602000117301941,
  "loss": 0.13714303076267242,
  "val_accuracy": 0.9641000032424927,
  "val_loss": 0.1267915666103363,
  "epoch": 13,
  "global_step": 26250
}