{
  "accuracy": 0.937166690826416,
  "loss": 0.20807769894599915,
  "val_accuracy": 0.9599999785423279,
  "val_loss": 0.12933586537837982,
  "epoch": 9,
  "global_step": 18750
}