{
  "accuracy": 0.8822000026702881,
  "loss": 0.4171375632286072,
  "val_accuracy": 0.9347000122070312,
  "val_loss": 0.2328062206506729,
  "epoch": 3,
  "global_step": 7500
}