{
  "accuracy": 0.9357500076293945,
  "loss": 0.22948969900608063,
  "val_accuracy": 0.9559000134468079,
  "val_loss": 0.16964732110500336,
  "epoch": 9,
  "global_step": 18750
}