{
  "accuracy": 0.9745833277702332,
  "loss": 0.0804264023900032,
  "val_accuracy": 0.9764000177383423,
  "val_loss": 0.08219248801469803,
  "epoch": 14,
  "global_step": 28125
}