{
  "accuracy": 0.9646000266075134,
  "loss": 0.12616193294525146,
  "val_accuracy": 0.9718000292778015,
  "val_loss": 0.10608263313770294,
  "epoch": 9,
  "global_step": 18750
}