{
  "accuracy": 0.963616669178009,
  "loss": 0.11730668693780899,
  "val_accuracy": 0.965399980545044,
  "val_loss": 0.11525915563106537,
  "epoch": 12,
  "global_step": 24375
}