{
  "accuracy": 0.9536499977111816,
  "loss": 0.15670748054981232,
  "val_accuracy": 0.9668999910354614,
  "val_loss": 0.1118805855512619,
  "epoch": 2,
  "global_step": 5625
}