{
  "accuracy": 0.9440000057220459,
  "loss": 0.18343231081962585,
  "val_accuracy": 0.9639000296592712,
  "val_loss": 0.12708653509616852,
  "epoch": 14,
  "global_step": 28125
}