{
  "accuracy": 0.8332333564758301,
  "loss": 0.5585363507270813,
  "val_accuracy": 0.9235000014305115,
  "val_loss": 0.2685369849205017,
  "epoch": 4,
  "global_step": 9375
}