{
  "accuracy": 0.9610666632652283,
  "loss": 0.12357861548662186,
  "val_accuracy": 0.9678999781608582,
  "val_loss": 0.1100311130285263,
  "epoch": 11,
  "global_step": 22500
}