{
  "accuracy": 0.920116662979126,
  "loss": 0.28563860058784485,
  "val_accuracy": 0.9416000247001648,
  "val_loss": 0.21353495121002197,
  "epoch": 8,
  "global_step": 16875
}