{
  "accuracy": 0.9333999752998352,
  "loss": 0.2200440913438797,
  "val_accuracy": 0.947700023651123,
  "val_loss": 0.1818341761827469,
  "epoch": 14,
  "global_step": 28125
}