{
  "accuracy": 0.9491999745368958,
  "loss": 0.17129983007907867,
  "val_accuracy": 0.9641000032424927,
  "val_loss": 0.12003038823604584,
  "epoch": 4,
  "global_step": 9375
}