{
  "accuracy": 0.9477666616439819,
  "loss": 0.17088642716407776,
  "val_accuracy": 0.9621999859809875,
  "val_loss": 0.1277930736541748,
  "epoch": 4,
  "global_step": 9375
}