{
  "accuracy": 0.9259166717529297,
  "loss": 0.2547394931316376,
  "val_accuracy": 0.9532999992370605,
  "val_loss": 0.16279104351997375,
  "epoch": 4,
  "global_step": 9375
}