{
  "accuracy": 0.970216691493988,
  "loss": 0.09512428194284439,
  "val_accuracy": 0.9732999801635742,
  "val_loss": 0.08177871257066727,
  "epoch": 4,
  "global_step": 9375
}