{
  "accuracy": 0.8970000147819519,
  "loss": 0.36474481225013733,
  "val_accuracy": 0.9350000023841858,
  "val_loss": 0.2255091518163681,
  "epoch": 14,
  "global_step": 28125
}