{
  "accuracy": 0.8912500143051147,
  "loss": 0.36976510286331177,
  "val_accuracy": 0.9309999942779541,
  "val_loss": 0.23965483903884888,
  "epoch": 4,
  "global_step": 9375
}