{
  "accuracy": 0.9683499932289124,
  "loss": 0.1037193313241005,
  "val_accuracy": 0.9739000201225281,
  "val_loss": 0.09042162448167801,
  "epoch": 4,
  "global_step": 9375
}