{
  "accuracy": 0.9280333518981934,
  "loss": 0.2537328004837036,
  "val_accuracy": 0.9453999996185303,
  "val_loss": 0.19366101920604706,
  "epoch": 14,
  "global_step": 28125
}