{
  "accuracy": 0.9628333449363708,
  "loss": 0.11752215027809143,
  "val_accuracy": 0.9685999751091003,
  "val_loss": 0.10585515201091766,
  "epoch": 13,
  "global_step": 26250
}