{
  "accuracy": 0.957883358001709,
  "loss": 0.14461427927017212,
  "val_accuracy": 0.9692999720573425,
  "val_loss": 0.11097945272922516,
  "epoch": 9,
  "global_step": 18750
}