{
  "accuracy": 0.9430833458900452,
  "loss": 0.20408640801906586,
  "val_accuracy": 0.9603999853134155,
  "val_loss": 0.13636524975299835,
  "epoch": 14,
  "global_step": 28125
}