{
  "accuracy": 0.9074833393096924,
  "loss": 0.3279018700122833,
  "val_accuracy": 0.941100001335144,
  "val_loss": 0.2173442244529724,
  "epoch": 13,
  "global_step": 26250
}