{
  "accuracy": 0.8982166647911072,
  "loss": 0.34546753764152527,
  "val_accuracy": 0.9316999912261963,
  "val_loss": 0.23182719945907593,
  "epoch": 7,
  "global_step": 15000
}