{
  "accuracy": 0.9757500290870667,
  "loss": 0.08053315430879593,
  "val_accuracy": 0.9775000214576721,
  "val_loss": 0.07758048921823502,
  "epoch": 9,
  "global_step": 18750
}