{
  "accuracy": 0.8917333483695984,
  "loss": 0.37522485852241516,
  "val_accuracy": 0.9362000226974487,
  "val_loss": 0.23481833934783936,
  "epoch": 9,
  "global_step": 18750
}