{
  "accuracy": 0.878250002861023,
  "loss": 0.4029773473739624,
  "val_accuracy": 0.9405999779701233,
  "val_loss": 0.21635451912879944,
  "epoch": 13,
  "global_step": 26250
}