{
  "accuracy": 0.9556999802589417,
  "loss": 0.1506490558385849,
  "val_accuracy": 0.9728999733924866,
  "val_loss": 0.09284573793411255,
  "epoch": 4,
  "global_step": 9375
}