{
  "accuracy": 0.9590499997138977,
  "loss": 0.13370166718959808,
  "val_accuracy": 0.9613999724388123,
  "val_loss": 0.1232757717370987,
  "epoch": 8,
  "global_step": 16875
}