{
  "accuracy": 0.8505833148956299,
  "loss": 0.473433256149292,
  "val_accuracy": 0.9289000034332275,
  "val_loss": 0.24268221855163574,
  "epoch": 4,
  "global_step": 9375
}