{
  "accuracy": 0.916866660118103,
  "loss": 0.27792903780937195,
  "val_accuracy": 0.9449999928474426,
  "val_loss": 0.1883476972579956,
  "epoch": 9,
  "global_step": 18750
}