{
  "accuracy": 0.957966685295105,
  "loss": 0.13657508790493011,
  "val_accuracy": 0.9714999794960022,
  "val_loss": 0.0947098508477211,
  "epoch": 4,
  "global_step": 9375
}