{
  "accuracy": 0.9167166948318481,
  "loss": 0.28844404220581055,
  "val_accuracy": 0.9384999871253967,
  "val_loss": 0.20584067702293396,
  "epoch": 4,
  "global_step": 9375
}