{
  "accuracy": 0.9548333287239075,
  "loss": 0.1477595567703247,
  "val_accuracy": 0.9661999940872192,
  "val_loss": 0.10684528201818466,
  "epoch": 4,
  "global_step": 9375
}