{
  "accuracy": 0.9827499985694885,
  "loss": 0.052185166627168655,
  "val_accuracy": 0.974399983882904,
  "val_loss": 0.08922223746776581,
  "epoch": 14,
  "global_step": 28125
}