{
  "accuracy": 0.843666672706604,
  "loss": 0.5025978088378906,
  "val_accuracy": 0.9296000003814697,
  "val_loss": 0.24104700982570648,
  "epoch": 3,
  "global_step": 7500
}