{
  "accuracy": 0.9818500280380249,
  "loss": 0.05332377552986145,
  "val_accuracy": 0.977400004863739,
  "val_loss": 0.08615364879369736,
  "epoch": 13,
  "global_step": 26250
}