{
  "accuracy": 0.9483500123023987,
  "loss": 0.17040713131427765,
  "val_accuracy": 0.9625999927520752,
  "val_loss": 0.12714897096157074,
  "epoch": 4,
  "global_step": 9375
}