{
  "accuracy": 0.9402666687965393,
  "loss": 0.21341946721076965,
  "val_accuracy": 0.9596999883651733,
  "val_loss": 0.154568150639534,
  "epoch": 14,
  "global_step": 28125
}