{
  "accuracy": 0.9664666652679443,
  "loss": 0.1076463833451271,
  "val_accuracy": 0.9678999781608582,
  "val_loss": 0.10513570159673691,
  "epoch": 4,
  "global_step": 9375
}