{
  "accuracy": 0.9433000087738037,
  "loss": 0.1913129985332489,
  "val_accuracy": 0.9598000049591064,
  "val_loss": 0.13951122760772705,
  "epoch": 14,
  "global_step": 28125
}