{
  "accuracy": 0.9436666369438171,
  "loss": 0.18676835298538208,
  "val_accuracy": 0.9588000178337097,
  "val_loss": 0.13833115994930267,
  "epoch": 9,
  "global_step": 18750
}