{
  "accuracy": 0.8886833190917969,
  "loss": 0.37806862592697144,
  "val_accuracy": 0.9309999942779541,
  "val_loss": 0.22996333241462708,
  "epoch": 4,
  "global_step": 9375
}