{
  "accuracy": 0.9697166681289673,
  "loss": 0.09691556543111801,
  "val_accuracy": 0.9746000170707703,
  "val_loss": 0.08588778972625732,
  "epoch": 4,
  "global_step": 9375
}