{
  "accuracy": 0.9510666728019714,
  "loss": 0.1598479300737381,
  "val_accuracy": 0.9581999778747559,
  "val_loss": 0.13820135593414307,
  "epoch": 4,
  "global_step": 9375
}