{
  "accuracy": 0.796500027179718,
  "loss": 0.6799656748771667,
  "val_accuracy": 0.9107000231742859,
  "val_loss": 0.33781707286834717,
  "epoch": 1,
  "global_step": 3750
}