{
  "accuracy": 0.9800999760627747,
  "loss": 0.06710171699523926,
  "val_accuracy": 0.9745000004768372,
  "val_loss": 0.08829324692487717,
  "epoch": 13,
  "global_step": 26250
}