{
  "accuracy": 0.9640166759490967,
  "loss": 0.12174176424741745,
  "val_accuracy": 0.9710999727249146,
  "val_loss": 0.1114799827337265,
  "epoch": 14,
  "global_step": 28125
}