{
  "accuracy": 0.9500499963760376,
  "loss": 0.1644611358642578,
  "val_accuracy": 0.9635000228881836,
  "val_loss": 0.12179851531982422,
  "epoch": 14,
  "global_step": 28125
}