{
  "accuracy": 0.7774166464805603,
  "loss": 0.7029808759689331,
  "val_accuracy": 0.9121999740600586,
  "val_loss": 0.3294696509838104,
  "epoch": 1,
  "global_step": 3750
}