{
  "accuracy": 0.8900833129882812,
  "loss": 0.3587128520011902,
  "val_accuracy": 0.9340999722480774,
  "val_loss": 0.21917225420475006,
  "epoch": 4,
  "global_step": 9375
}