{
  "accuracy": 0.9177333116531372,
  "loss": 0.30269429087638855,
  "val_accuracy": 0.9521999955177307,
  "val_loss": 0.1736249178647995,
  "epoch": 4,
  "global_step": 9375
}