{
  "accuracy": 0.897433340549469,
  "loss": 0.35301560163497925,
  "val_accuracy": 0.932200014591217,
  "val_loss": 0.2244056761264801,
  "epoch": 4,
  "global_step": 9375
}