{
  "accuracy": 0.9592666625976562,
  "loss": 0.13290473818778992,
  "val_accuracy": 0.9667999744415283,
  "val_loss": 0.10826055705547333,
  "epoch": 9,
  "global_step": 18750
}