{
  "accuracy": 0.9327166676521301,
  "loss": 0.22490979731082916,
  "val_accuracy": 0.9484999775886536,
  "val_loss": 0.17596909403800964,
  "epoch": 9,
  "global_step": 18750
}