{
  "accuracy": 0.9612166881561279,
  "loss": 0.12768502533435822,
  "val_accuracy": 0.9649999737739563,
  "val_loss": 0.12259020656347275,
  "epoch": 12,
  "global_step": 24375
}