{
  "accuracy": 0.9724000096321106,
  "loss": 0.0911727249622345,
  "val_accuracy": 0.9735999703407288,
  "val_loss": 0.09428111463785172,
  "epoch": 9,
  "global_step": 18750
}