{
  "accuracy": 0.9083999991416931,
  "loss": 0.3150143027305603,
  "val_accuracy": 0.9390000104904175,
  "val_loss": 0.21710756421089172,
  "epoch": 14,
  "global_step": 28125
}