{
  "accuracy": 0.9504500031471252,
  "loss": 0.1800251603126526,
  "val_accuracy": 0.9674000144004822,
  "val_loss": 0.11151579767465591,
  "epoch": 3,
  "global_step": 7500
}