{
  "accuracy": 0.864983320236206,
  "loss": 0.48924192786216736,
  "val_accuracy": 0.9200999736785889,
  "val_loss": 0.2995751202106476,
  "epoch": 4,
  "global_step": 9375
}