{
  "accuracy": 0.9666333198547363,
  "loss": 0.11331111937761307,
  "val_accuracy": 0.9696000218391418,
  "val_loss": 0.10014846175909042,
  "epoch": 4,
  "global_step": 9375
}