{
  "accuracy": 0.9802500009536743,
  "loss": 0.06041308492422104,
  "val_accuracy": 0.9768000245094299,
  "val_loss": 0.07879260927438736,
  "epoch": 9,
  "global_step": 18750
}