{
  "accuracy": 0.9218500256538391,
  "loss": 0.253846675157547,
  "val_accuracy": 0.9498999714851379,
  "val_loss": 0.17395366728305817,
  "epoch": 13,
  "global_step": 26250
}