{
  "accuracy": 0.8825666904449463,
  "loss": 0.435544490814209,
  "val_accuracy": 0.9277999997138977,
  "val_loss": 0.2643047571182251,
  "epoch": 8,
  "global_step": 16875
}