{
  "accuracy": 0.9539833068847656,
  "loss": 0.15788467228412628,
  "val_accuracy": 0.9645000100135803,
  "val_loss": 0.12794780731201172,
  "epoch": 9,
  "global_step": 18750
}