{
  "accuracy": 0.8272666931152344,
  "loss": 0.589214563369751,
  "val_accuracy": 0.9208999872207642,
  "val_loss": 0.31270846724510193,
  "epoch": 14,
  "global_step": 28125
}