{
  "accuracy": 0.958549976348877,
  "loss": 0.14301848411560059,
  "val_accuracy": 0.9685999751091003,
  "val_loss": 0.12392540276050568,
  "epoch": 12,
  "global_step": 24375
}