{
  "accuracy": 0.965316653251648,
  "loss": 0.1105121597647667,
  "val_accuracy": 0.9711999893188477,
  "val_loss": 0.09911063313484192,
  "epoch": 9,
  "global_step": 18750
}