{
  "accuracy": 0.9247499704360962,
  "loss": 0.2579368054866791,
  "val_accuracy": 0.9434000253677368,
  "val_loss": 0.20259757339954376,
  "epoch": 9,
  "global_step": 18750
}