{
  "accuracy": 0.9441333413124084,
  "loss": 0.1986515074968338,
  "val_accuracy": 0.9613999724388123,
  "val_loss": 0.13473139703273773,
  "epoch": 4,
  "global_step": 9375
}