{
  "accuracy": 0.9775833487510681,
  "loss": 0.07047493010759354,
  "val_accuracy": 0.9769999980926514,
  "val_loss": 0.0849834606051445,
  "epoch": 8,
  "global_step": 16875
}