{
  "accuracy": 0.9619166851043701,
  "loss": 0.12842456996440887,
  "val_accuracy": 0.9697999954223633,
  "val_loss": 0.10307566821575165,
  "epoch": 9,
  "global_step": 18750
}