{
  "accuracy": 0.9225500226020813,
  "loss": 0.2618029713630676,
  "val_accuracy": 0.9399999976158142,
  "val_loss": 0.1990753412246704,
  "epoch": 4,
  "global_step": 9375
}