{
  "accuracy": 0.9223999977111816,
  "loss": 0.26399317383766174,
  "val_accuracy": 0.9381999969482422,
  "val_loss": 0.20946897566318512,
  "epoch": 4,
  "global_step": 9375
}