{
  "accuracy": 0.9815333485603333,
  "loss": 0.05604557320475578,
  "val_accuracy": 0.9768000245094299,
  "val_loss": 0.08250343799591064,
  "epoch": 13,
  "global_step": 26250
}