{
  "accuracy": 0.8095666766166687,
  "loss": 0.6386363506317139,
  "val_accuracy": 0.9189000129699707,
  "val_loss": 0.31699979305267334,
  "epoch": 8,
  "global_step": 16875
}