{
  "accuracy": 0.963616669178009,
  "loss": 0.12269195914268494,
  "val_accuracy": 0.9735999703407288,
  "val_loss": 0.08725716918706894,
  "epoch": 7,
  "global_step": 15000
}