{
  "accuracy": 0.8444333076477051,
  "loss": 0.5303596258163452,
  "val_accuracy": 0.9264000058174133,
  "val_loss": 0.26936787366867065,
  "epoch": 13,
  "global_step": 26250
}