{
  "accuracy": 0.9506999850273132,
  "loss": 0.1618082970380783,
  "val_accuracy": 0.9614999890327454,
  "val_loss": 0.12960395216941833,
  "epoch": 4,
  "global_step": 9375
}