{
  "accuracy": 0.9712333083152771,
  "loss": 0.0925828069448471,
  "val_accuracy": 0.9732000231742859,
  "val_loss": 0.08926177024841309,
  "epoch": 14,
  "global_step": 28125
}