{
  "accuracy": 0.9787999987602234,
  "loss": 0.06926250457763672,
  "val_accuracy": 0.9749000072479248,
  "val_loss": 0.09484207630157471,
  "epoch": 14,
  "global_step": 28125
}