{
  "accuracy": 0.9592333436012268,
  "loss": 0.13270288705825806,
  "val_accuracy": 0.968999981880188,
  "val_loss": 0.10956933349370956,
  "epoch": 8,
  "global_step": 16875
}