{
  "accuracy": 0.9069333076477051,
  "loss": 0.3221968412399292,
  "val_accuracy": 0.9437999725341797,
  "val_loss": 0.1958918273448944,
  "epoch": 9,
  "global_step": 18750
}