{
  "accuracy": 0.9737333059310913,
  "loss": 0.08556760847568512,
  "val_accuracy": 0.975600004196167,
  "val_loss": 0.08960031718015671,
  "epoch": 8,
  "global_step": 16875
}