{
  "accuracy": 0.9228833317756653,
  "loss": 0.27811509370803833,
  "val_accuracy": 0.948199987411499,
  "val_loss": 0.1835404634475708,
  "epoch": 4,
  "global_step": 9375
}