{
  "accuracy": 0.7774333357810974,
  "loss": 0.6955224871635437,
  "val_accuracy": 0.9106000065803528,
  "val_loss": 0.3254498839378357,
  "epoch": 1,
  "global_step": 3750
}