{
  "accuracy": 0.9813833236694336,
  "loss": 0.06131281331181526,
  "val_accuracy": 0.9751999974250793,
  "val_loss": 0.08610424399375916,
  "epoch": 13,
  "global_step": 26250
}