{
  "accuracy": 0.8882166743278503,
  "loss": 0.4194510877132416,
  "val_accuracy": 0.9279999732971191,
  "val_loss": 0.2719719409942627,
  "epoch": 14,
  "global_step": 28125
}