{
  "accuracy": 0.9387500286102295,
  "loss": 0.21037262678146362,
  "val_accuracy": 0.9588000178337097,
  "val_loss": 0.15219087898731232,
  "epoch": 9,
  "global_step": 18750
}