{
  "accuracy": 0.762333333492279,
  "loss": 0.7461051940917969,
  "val_accuracy": 0.9077000021934509,
  "val_loss": 0.35556602478027344,
  "epoch": 1,
  "global_step": 3750
}