{
  "accuracy": 0.9071333408355713,
  "loss": 0.31926143169403076,
  "val_accuracy": 0.9350000023841858,
  "val_loss": 0.21677207946777344,
  "epoch": 9,
  "global_step": 18750
}