{
  "accuracy": 0.9541000127792358,
  "loss": 0.15034589171409607,
  "val_accuracy": 0.9670000076293945,
  "val_loss": 0.1097262054681778,
  "epoch": 2,
  "global_step": 5625
}