{
  "accuracy": 0.9617000222206116,
  "loss": 0.12366070598363876,
  "val_accuracy": 0.9656000137329102,
  "val_loss": 0.11638074368238449,
  "epoch": 12,
  "global_step": 24375
}