{
  "accuracy": 0.9339333176612854,
  "loss": 0.21794262528419495,
  "val_accuracy": 0.9496999979019165,
  "val_loss": 0.17638437449932098,
  "epoch": 14,
  "global_step": 28125
}