{
  "accuracy": 0.8572333455085754,
  "loss": 0.4669351279735565,
  "val_accuracy": 0.9323999881744385,
  "val_loss": 0.235399067401886,
  "epoch": 7,
  "global_step": 15000
}