{
  "accuracy": 0.9457499980926514,
  "loss": 0.18667639791965485,
  "val_accuracy": 0.9609000086784363,
  "val_loss": 0.14176087081432343,
  "epoch": 4,
  "global_step": 9375
}