{
  "accuracy": 0.9325500130653381,
  "loss": 0.23368068039417267,
  "val_accuracy": 0.9585999846458435,
  "val_loss": 0.14117608964443207,
  "epoch": 9,
  "global_step": 18750
}