{
  "accuracy": 0.9321833252906799,
  "loss": 0.23035095632076263,
  "val_accuracy": 0.9520000219345093,
  "val_loss": 0.15827007591724396,
  "epoch": 4,
  "global_step": 9375
}