{
  "accuracy": 0.8672166466712952,
  "loss": 0.42255085706710815,
  "val_accuracy": 0.9359999895095825,
  "val_loss": 0.22447381913661957,
  "epoch": 9,
  "global_step": 18750
}