{
  "accuracy": 0.9715999960899353,
  "loss": 0.09634021669626236,
  "val_accuracy": 0.9735000133514404,
  "val_loss": 0.08954472839832306,
  "epoch": 14,
  "global_step": 28125
}