{
  "accuracy": 0.9270333051681519,
  "loss": 0.24243251979351044,
  "val_accuracy": 0.954200029373169,
  "val_loss": 0.15317974984645844,
  "epoch": 4,
  "global_step": 9375
}