{
  "accuracy": 0.9611999988555908,
  "loss": 0.12599419057369232,
  "val_accuracy": 0.9667999744415283,
  "val_loss": 0.11700523644685745,
  "epoch": 9,
  "global_step": 18750
}