{
  "accuracy": 0.969083309173584,
  "loss": 0.09974988549947739,
  "val_accuracy": 0.9750000238418579,
  "val_loss": 0.08786629140377045,
  "epoch": 9,
  "global_step": 18750
}