{
  "accuracy": 0.9440666437149048,
  "loss": 0.1864027976989746,
  "val_accuracy": 0.958299994468689,
  "val_loss": 0.14231595396995544,
  "epoch": 3,
  "global_step": 7500
}