{
  "accuracy": 0.9426833391189575,
  "loss": 0.1904441863298416,
  "val_accuracy": 0.9563000202178955,
  "val_loss": 0.13711662590503693,
  "epoch": 8,
  "global_step": 16875
}