{
  "accuracy": 0.9430666565895081,
  "loss": 0.1954563409090042,
  "val_accuracy": 0.9556999802589417,
  "val_loss": 0.14971719682216644,
  "epoch": 4,
  "global_step": 9375
}