{
  "accuracy": 0.9771833419799805,
  "loss": 0.07061105966567993,
  "val_accuracy": 0.9758999943733215,
  "val_loss": 0.08366144448518753,
  "epoch": 9,
  "global_step": 18750
}