{
  "accuracy": 0.9571499824523926,
  "loss": 0.14436647295951843,
  "val_accuracy": 0.967199981212616,
  "val_loss": 0.1129346638917923,
  "epoch": 9,
  "global_step": 18750
}