{
  "accuracy": 0.9075666666030884,
  "loss": 0.31569135189056396,
  "val_accuracy": 0.9373000264167786,
  "val_loss": 0.21698039770126343,
  "epoch": 14,
  "global_step": 28125
}