{
  "accuracy": 0.9194333553314209,
  "loss": 0.2652502954006195,
  "val_accuracy": 0.9451000094413757,
  "val_loss": 0.1847066879272461,
  "epoch": 14,
  "global_step": 28125
}