{
  "accuracy": 0.9421166777610779,
  "loss": 0.19866716861724854,
  "val_accuracy": 0.9624999761581421,
  "val_loss": 0.12825991213321686,
  "epoch": 3,
  "global_step": 7500
}