{
  "accuracy": 0.9816333055496216,
  "loss": 0.05567897483706474,
  "val_accuracy": 0.9789000153541565,
  "val_loss": 0.07962065190076828,
  "epoch": 12,
  "global_step": 24375
}