{
  "accuracy": 0.9678500294685364,
  "loss": 0.10383466631174088,
  "val_accuracy": 0.9714000225067139,
  "val_loss": 0.09534604847431183,
  "epoch": 4,
  "global_step": 9375
}