{
  "accuracy": 0.7792500257492065,
  "loss": 0.7256539463996887,
  "val_accuracy": 0.9067000150680542,
  "val_loss": 0.36013349890708923,
  "epoch": 4,
  "global_step": 9375
}