{
  "accuracy": 0.9536833167076111,
  "loss": 0.15183784067630768,
  "val_accuracy": 0.9646000266075134,
  "val_loss": 0.11126843094825745,
  "epoch": 4,
  "global_step": 9375
}