{
  "accuracy": 0.9782833456993103,
  "loss": 0.07061909884214401,
  "val_accuracy": 0.9745000004768372,
  "val_loss": 0.08675576001405716,
  "epoch": 9,
  "global_step": 18750
}