{
  "accuracy": 0.895799994468689,
  "loss": 0.33903202414512634,
  "val_accuracy": 0.9381999969482422,
  "val_loss": 0.21522805094718933,
  "epoch": 4,
  "global_step": 9375
}