{
  "accuracy": 0.9290833473205566,
  "loss": 0.23796279728412628,
  "val_accuracy": 0.9430999755859375,
  "val_loss": 0.19417399168014526,
  "epoch": 9,
  "global_step": 18750
}