{
  "accuracy": 0.9689499735832214,
  "loss": 0.111069455742836,
  "val_accuracy": 0.9751999974250793,
  "val_loss": 0.0901857390999794,
  "epoch": 13,
  "global_step": 26250
}