{
  "accuracy": 0.9704999923706055,
  "loss": 0.09256769716739655,
  "val_accuracy": 0.972000002861023,
  "val_loss": 0.08769158273935318,
  "epoch": 14,
  "global_step": 28125
}