{
  "accuracy": 0.8651333451271057,
  "loss": 0.43700212240219116,
  "val_accuracy": 0.9343000054359436,
  "val_loss": 0.2306164801120758,
  "epoch": 13,
  "global_step": 26250
}