{
  "accuracy": 0.9482499957084656,
  "loss": 0.16967244446277618,
  "val_accuracy": 0.9620000123977661,
  "val_loss": 0.13386760652065277,
  "epoch": 14,
  "global_step": 28125
}