{
  "accuracy": 0.9332833290100098,
  "loss": 0.2240457683801651,
  "val_accuracy": 0.9513000249862671,
  "val_loss": 0.16045548021793365,
  "epoch": 4,
  "global_step": 9375
}