{
  "accuracy": 0.9130666851997375,
  "loss": 0.3156620264053345,
  "val_accuracy": 0.9369999766349792,
  "val_loss": 0.22839118540287018,
  "epoch": 4,
  "global_step": 9375
}