{
  "accuracy": 0.9580333232879639,
  "loss": 0.14216341078281403,
  "val_accuracy": 0.9609000086784363,
  "val_loss": 0.1370125263929367,
  "epoch": 9,
  "global_step": 18750
}