{
  "accuracy": 0.9565666913986206,
  "loss": 0.14857958257198334,
  "val_accuracy": 0.9664999842643738,
  "val_loss": 0.12374047935009003,
  "epoch": 9,
  "global_step": 18750
}