{
  "accuracy": 0.9281333088874817,
  "loss": 0.26888588070869446,
  "val_accuracy": 0.9556000232696533,
  "val_loss": 0.16764159500598907,
  "epoch": 8,
  "global_step": 16875
}