{
  "accuracy": 0.8379999995231628,
  "loss": 0.5399853587150574,
  "val_accuracy": 0.9182999730110168,
  "val_loss": 0.29391512274742126,
  "epoch": 9,
  "global_step": 18750
}