{
  "accuracy": 0.9324333071708679,
  "loss": 0.24599672853946686,
  "val_accuracy": 0.9569000005722046,
  "val_loss": 0.15101665258407593,
  "epoch": 13,
  "global_step": 26250
}