{
  "accuracy": 0.9304666519165039,
  "loss": 0.2432118058204651,
  "val_accuracy": 0.9448999762535095,
  "val_loss": 0.18657734990119934,
  "epoch": 13,
  "global_step": 26250
}