{
  "accuracy": 0.8999833464622498,
  "loss": 0.34468695521354675,
  "val_accuracy": 0.9387000203132629,
  "val_loss": 0.21396970748901367,
  "epoch": 8,
  "global_step": 16875
}