{
  "accuracy": 0.9254666566848755,
  "loss": 0.24620099365711212,
  "val_accuracy": 0.957099974155426,
  "val_loss": 0.14269915223121643,
  "epoch": 4,
  "global_step": 9375
}