{
  "accuracy": 0.9807166457176208,
  "loss": 0.060439582914114,
  "val_accuracy": 0.9739000201225281,
  "val_loss": 0.09269344061613083,
  "epoch": 14,
  "global_step": 28125
}