{
  "accuracy": 0.9196333289146423,
  "loss": 0.27827057242393494,
  "val_accuracy": 0.9527999758720398,
  "val_loss": 0.16309821605682373,
  "epoch": 4,
  "global_step": 9375
}