{
  "accuracy": 0.9724166393280029,
  "loss": 0.0872807502746582,
  "val_accuracy": 0.9768000245094299,
  "val_loss": 0.08032717555761337,
  "epoch": 14,
  "global_step": 28125
}