{
  "accuracy": 0.9778000116348267,
  "loss": 0.06891953200101852,
  "val_accuracy": 0.9735999703407288,
  "val_loss": 0.08925976604223251,
  "epoch": 9,
  "global_step": 18750
}