{
  "accuracy": 0.9107333421707153,
  "loss": 0.28527340292930603,
  "val_accuracy": 0.9447000026702881,
  "val_loss": 0.1903979629278183,
  "epoch": 9,
  "global_step": 18750
}