{
  "accuracy": 0.7889999747276306,
  "loss": 0.6771801710128784,
  "val_accuracy": 0.9162999987602234,
  "val_loss": 0.31876668334007263,
  "epoch": 1,
  "global_step": 3750
}