{
  "accuracy": 0.9620000123977661,
  "loss": 0.12686046957969666,
  "val_accuracy": 0.9686999917030334,
  "val_loss": 0.1056184247136116,
  "epoch": 13,
  "global_step": 26250
}