{
  "accuracy": 0.9581999778747559,
  "loss": 0.13700315356254578,
  "val_accuracy": 0.9708999991416931,
  "val_loss": 0.09738800674676895,
  "epoch": 4,
  "global_step": 9375
}