{
  "accuracy": 0.9668499827384949,
  "loss": 0.10543332248926163,
  "val_accuracy": 0.9758999943733215,
  "val_loss": 0.08536697924137115,
  "epoch": 8,
  "global_step": 16875
}