{
  "accuracy": 0.9103500247001648,
  "loss": 0.3010135293006897,
  "val_accuracy": 0.945900022983551,
  "val_loss": 0.1949993222951889,
  "epoch": 12,
  "global_step": 24375
}