{
  "accuracy": 0.8903999924659729,
  "loss": 0.36670035123825073,
  "val_accuracy": 0.9354000091552734,
  "val_loss": 0.21955503523349762,
  "epoch": 4,
  "global_step": 9375
}