{
  "accuracy": 0.9470333456993103,
  "loss": 0.17623211443424225,
  "val_accuracy": 0.9649999737739563,
  "val_loss": 0.12194611132144928,
  "epoch": 14,
  "global_step": 28125
}