{
  "accuracy": 0.9661833047866821,
  "loss": 0.11142135411500931,
  "val_accuracy": 0.9703999757766724,
  "val_loss": 0.10806537419557571,
  "epoch": 13,
  "global_step": 26250
}