{
  "accuracy": 0.9652500152587891,
  "loss": 0.11351028084754944,
  "val_accuracy": 0.9700999855995178,
  "val_loss": 0.09915340691804886,
  "epoch": 9,
  "global_step": 18750
}