{
  "accuracy": 0.8791999816894531,
  "loss": 0.42356351017951965,
  "val_accuracy": 0.9228000044822693,
  "val_loss": 0.26372238993644714,
  "epoch": 4,
  "global_step": 9375
}