{
  "accuracy": 0.8861833214759827,
  "loss": 0.39817550778388977,
  "val_accuracy": 0.9312000274658203,
  "val_loss": 0.24581894278526306,
  "epoch": 8,
  "global_step": 16875
}