{
  "accuracy": 0.9408666491508484,
  "loss": 0.1983620822429657,
  "val_accuracy": 0.9599000215530396,
  "val_loss": 0.13077464699745178,
  "epoch": 9,
  "global_step": 18750
}